CustomerID,Age,Income,Purchases,Gender,Churn
CUST_0001,56.0,24300.0,5.0,Female,0
CUST_0002,,54000.0,11.0,Male,0
CUST_0003,46.0,61900.0,17.0,Male,0
CUST_0004,32.0,54400.0,9.0,Female,1
CUST_0005,60.0,20000.0,9.0,Male,1
CUST_0006,25.0,53400.0,15.0,Male,0
CUST_0007,38.0,31500.0,7.0,Female,0
CUST_0008,56.0,67100.0,11.0,Male,0
CUST_0009,36.0,61600.0,14.0,Male,1
CUST_0010,40.0,38100.0,19.0,Male,0
CUST_0011,28.0,45800.0,13.0,Female,0
CUST_0012,28.0,35900.0,6.0,Female,1
CUST_0013,41.0,53900.0,15.0,Female,0
CUST_0014,53.0,72200.0,13.0,Male,0
CUST_0015,57.0,37300.0,5.0,Male,0
CUST_0016,41.0,64100.0,12.0,Female,0
CUST_0017,20.0,45500.0,7.0,Male,0
CUST_0018,39.0,40700.0,4.0,Male,0
CUST_0019,19.0,53100.0,8.0,Female,0
CUST_0020,41.0,36400.0,8.0,Female,0
CUST_0021,61.0,45000.0,9.0,Male,1
CUST_0022,47.0,33400.0,11.0,Male,0
CUST_0023,55.0,90400.0,13.0,Male,0
CUST_0024,19.0,55600.0,10.0,Female,0
CUST_0025,38.0,42400.0,6.0,Female,0
CUST_0026,50.0,58900.0,11.0,Female,0
CUST_0027,29.0,53000.0,11.0,Female,1
CUST_0028,39.0,51000.0,8.0,Male,0
CUST_0029,61.0,66100.0,5.0,Female,1
CUST_0030,42.0,68600.0,9.0,Female,0
CUST_0031,66.0,45500.0,,Female,1
CUST_0032,44.0,44600.0,13.0,Female,0
CUST_0033,59.0,50000.0,6.0,Female,1
CUST_0034,45.0,20000.0,11.0,Male,0
CUST_0035,33.0,27700.0,8.0,Male,0
CUST_0036,32.0,79600.0,10.0,Female,0
CUST_0037,64.0,84600.0,9.0,Male,0
CUST_0038,68.0,50500.0,10.0,Female,0
CUST_0039,61.0,65400.0,5.0,Female,1
CUST_0040,69.0,60600.0,7.0,Male,0
CUST_0041,20.0,110400.0,14.0,Male,0
CUST_0042,54.0,75200.0,7.0,Female,0
CUST_0043,68.0,52700.0,11.0,Female,0
CUST_0044,24.0,37800.0,10.0,Female,0
CUST_0045,38.0,26100.0,7.0,Male,0
CUST_0046,26.0,58700.0,4.0,Female,1
CUST_0047,56.0,41400.0,7.0,Female,1
CUST_0048,35.0,29400.0,12.0,Female,0
CUST_0049,21.0,43400.0,8.0,Male,0
CUST_0050,42.0,35500.0,14.0,Female,0
CUST_0051,31.0,85400.0,9.0,Female,0
CUST_0052,67.0,70900.0,10.0,Male,0
CUST_0053,26.0,54900.0,15.0,Female,0
CUST_0054,43.0,81600.0,8.0,Female,0
CUST_0055,19.0,56400.0,15.0,Male,0
CUST_0056,37.0,39500.0,11.0,Female,0
CUST_0057,45.0,82400.0,12.0,Male,0
CUST_0058,64.0,64700.0,6.0,Male,0
CUST_0059,24.0,36300.0,20.0,Female,0
CUST_0060,61.0,51600.0,14.0,Female,0
CUST_0061,25.0,39200.0,9.0,Female,1
CUST_0062,64.0,30100.0,9.0,Female,0
CUST_0063,52.0,71700.0,6.0,Male,0
CUST_0064,31.0,89400.0,,Female,0
CUST_0065,34.0,29800.0,11.0,Male,1
CUST_0066,53.0,65100.0,13.0,Female,1
CUST_0067,67.0,43300.0,19.0,Female,0
CUST_0068,57.0,46200.0,7.0,Female,0
CUST_0069,21.0,44300.0,6.0,Male,0
CUST_0070,19.0,39400.0,8.0,Female,0
CUST_0071,23.0,55900.0,9.0,Female,1
CUST_0072,59.0,40000.0,,Female,0
CUST_0073,21.0,59900.0,6.0,Female,1
CUST_0074,46.0,54100.0,12.0,Male,0
CUST_0075,35.0,50700.0,7.0,Female,0
CUST_0076,43.0,38700.0,8.0,Male,0
CUST_0077,61.0,44600.0,2.0,Male,0
CUST_0078,51.0,68600.0,8.0,Male,0
CUST_0079,27.0,64000.0,2.0,Male,1
CUST_0080,53.0,37400.0,11.0,Male,1
CUST_0081,31.0,56800.0,9.0,Male,0
CUST_0082,48.0,68500.0,10.0,Female,0
CUST_0083,65.0,25000.0,6.0,Male,1
CUST_0084,32.0,64800.0,8.0,Male,0
CUST_0085,25.0,43100.0,7.0,Male,0
CUST_0086,31.0,65300.0,19.0,Female,0
CUST_0087,40.0,41300.0,12.0,Female,0
CUST_0088,57.0,22500.0,14.0,Male,0
CUST_0089,38.0,25700.0,10.0,Female,1
CUST_0090,33.0,55900.0,14.0,Male,0
CUST_0091,,59700.0,12.0,Male,0
CUST_0092,35.0,38700.0,7.0,Female,0
CUST_0093,64.0,66500.0,9.0,Male,1
CUST_0094,41.0,25100.0,5.0,Female,0
CUST_0095,43.0,53800.0,11.0,Female,0
CUST_0096,42.0,33200.0,14.0,Male,0
CUST_0097,,43300.0,8.0,Male,1
CUST_0098,58.0,55900.0,13.0,Female,0
CUST_0099,46.0,39500.0,13.0,Male,0
CUST_0100,32.0,48100.0,10.0,Male,0
CUST_0101,62.0,73100.0,8.0,Male,0
CUST_0102,18.0,44600.0,9.0,Female,0
CUST_0103,42.0,70000.0,9.0,Female,0
CUST_0104,24.0,34700.0,7.0,Male,1
CUST_0105,26.0,64500.0,7.0,Female,0
CUST_0106,41.0,80900.0,11.0,Female,0
CUST_0107,18.0,20000.0,11.0,Female,0
CUST_0108,61.0,40700.0,9.0,Female,1
CUST_0109,25.0,65400.0,10.0,Female,0
CUST_0110,,51300.0,9.0,Male,0
CUST_0111,28.0,61700.0,11.0,Male,0
CUST_0112,68.0,44100.0,11.0,Male,0
CUST_0113,34.0,56600.0,13.0,Female,0
CUST_0114,25.0,52200.0,17.0,Female,0
CUST_0115,52.0,76000.0,7.0,Male,0
CUST_0116,52.0,59600.0,8.0,Female,0
CUST_0117,50.0,61100.0,10.0,Male,0
CUST_0118,22.0,47600.0,8.0,Male,0
CUST_0119,59.0,46200.0,,Male,1
CUST_0120,56.0,47200.0,8.0,Female,0
CUST_0121,58.0,62100.0,12.0,Female,0
CUST_0122,45.0,47400.0,9.0,Male,0
CUST_0123,24.0,60200.0,7.0,Male,1
CUST_0124,26.0,92400.0,7.0,Male,0
CUST_0125,25.0,70700.0,12.0,Male,0
CUST_0126,29.0,49100.0,11.0,Female,0
CUST_0127,51.0,76600.0,18.0,Female,0
CUST_0128,50.0,47700.0,13.0,Male,0
CUST_0129,65.0,20000.0,17.0,Male,0
CUST_0130,40.0,36900.0,7.0,Female,1
CUST_0131,41.0,21300.0,11.0,Female,1
CUST_0132,54.0,48700.0,8.0,Male,0
CUST_0133,52.0,55300.0,13.0,Male,0
CUST_0134,61.0,85200.0,13.0,Male,0
CUST_0135,57.0,60900.0,12.0,Female,0
CUST_0136,39.0,51100.0,,Female,0
CUST_0137,44.0,69900.0,11.0,Female,0
CUST_0138,52.0,20000.0,7.0,Male,0
CUST_0139,18.0,59200.0,11.0,Male,0
CUST_0140,52.0,68900.0,7.0,Female,0
CUST_0141,54.0,28400.0,11.0,Female,0
CUST_0142,64.0,75600.0,12.0,Male,0
CUST_0143,31.0,61100.0,9.0,Female,0
CUST_0144,20.0,47500.0,6.0,Female,1
CUST_0145,18.0,66400.0,12.0,Male,0
CUST_0146,22.0,95900.0,8.0,Female,0
CUST_0147,43.0,58300.0,7.0,Male,0
CUST_0148,31.0,59500.0,7.0,Male,0
CUST_0149,56.0,46700.0,4.0,Male,0
CUST_0150,,39700.0,7.0,Male,0
CUST_0151,26.0,69900.0,14.0,Male,0
CUST_0152,32.0,39600.0,10.0,Male,0
CUST_0153,32.0,56300.0,8.0,Male,1
CUST_0154,43.0,46400.0,10.0,Female,1
CUST_0155,59.0,63600.0,10.0,Male,0
CUST_0156,30.0,61000.0,7.0,Male,0
CUST_0157,68.0,73700.0,5.0,Female,0
CUST_0158,49.0,45800.0,13.0,Female,1
CUST_0159,56.0,50100.0,16.0,Female,0
CUST_0160,66.0,37400.0,9.0,Male,1
CUST_0161,69.0,47000.0,10.0,Female,0
CUST_0162,49.0,61800.0,10.0,Male,0
CUST_0163,21.0,68600.0,5.0,Male,0
CUST_0164,47.0,38400.0,6.0,Male,1
CUST_0165,54.0,70700.0,8.0,Male,0
CUST_0166,40.0,79400.0,10.0,Female,0
CUST_0167,56.0,62400.0,9.0,Female,0
CUST_0168,62.0,88800.0,11.0,Male,0
CUST_0169,32.0,41100.0,15.0,Male,0
CUST_0170,60.0,32600.0,,Male,0
CUST_0171,46.0,23000.0,13.0,Female,0
CUST_0172,53.0,81900.0,5.0,Male,0
CUST_0173,30.0,66800.0,11.0,Male,0
CUST_0174,49.0,54000.0,6.0,Female,1
CUST_0175,24.0,60000.0,15.0,Female,0
CUST_0176,68.0,34700.0,11.0,Male,1
CUST_0177,39.0,99000.0,6.0,Female,1
CUST_0178,45.0,57300.0,9.0,Female,0
CUST_0179,19.0,57000.0,9.0,Male,0
CUST_0180,59.0,68100.0,18.0,Female,0
CUST_0181,62.0,63700.0,8.0,Male,0
CUST_0182,23.0,59000.0,9.0,Female,0
CUST_0183,45.0,40800.0,11.0,Male,0
CUST_0184,45.0,63500.0,11.0,Male,0
CUST_0185,61.0,88900.0,6.0,Male,1
CUST_0186,61.0,79200.0,13.0,Female,0
CUST_0187,37.0,83700.0,6.0,Male,1
CUST_0188,47.0,45800.0,8.0,Female,1
CUST_0189,28.0,37200.0,12.0,Male,0
CUST_0190,45.0,52700.0,13.0,Male,0
CUST_0191,42.0,56000.0,8.0,Female,0
CUST_0192,56.0,74700.0,10.0,Male,0
CUST_0193,50.0,24500.0,9.0,Male,0
CUST_0194,18.0,82500.0,9.0,Female,0
CUST_0195,44.0,52200.0,13.0,Male,1
CUST_0196,69.0,47300.0,13.0,Male,0
CUST_0197,30.0,36800.0,9.0,Male,0
CUST_0198,58.0,25200.0,13.0,Male,0
CUST_0199,20.0,69800.0,10.0,Female,1
CUST_0200,56.0,56300.0,18.0,Female,0
CUST_0201,23.0,31800.0,5.0,Male,0
CUST_0202,25.0,31700.0,9.0,Female,0
CUST_0203,44.0,49000.0,5.0,Male,0
CUST_0204,26.0,85000.0,6.0,Female,0
CUST_0205,54.0,50300.0,12.0,Male,0
CUST_0206,50.0,27900.0,9.0,Male,0
CUST_0207,68.0,50600.0,10.0,Male,0
CUST_0208,59.0,50100.0,13.0,Male,0
CUST_0209,61.0,20000.0,12.0,Male,0
CUST_0210,41.0,54000.0,10.0,Male,0
CUST_0211,32.0,50800.0,11.0,Female,0
CUST_0212,49.0,67500.0,4.0,Male,1
CUST_0213,49.0,88300.0,6.0,Female,0
CUST_0214,41.0,75300.0,10.0,Male,0
CUST_0215,58.0,50200.0,2.0,Female,0
CUST_0216,69.0,35100.0,12.0,Female,0
CUST_0217,66.0,101300.0,4.0,Female,0
CUST_0218,66.0,56100.0,17.0,Male,0
CUST_0219,69.0,55300.0,8.0,Male,0
CUST_0220,29.0,54600.0,8.0,Female,0
CUST_0221,56.0,58600.0,12.0,Male,0
CUST_0222,19.0,52400.0,6.0,Female,0
CUST_0223,20.0,44700.0,8.0,Male,0
CUST_0224,66.0,45200.0,8.0,Female,0
CUST_0225,54.0,54400.0,11.0,Female,1
CUST_0226,66.0,45200.0,7.0,Male,0
CUST_0227,34.0,42200.0,11.0,Female,0
CUST_0228,66.0,56900.0,11.0,Male,0
CUST_0229,19.0,50400.0,13.0,Female,0
CUST_0230,19.0,82100.0,11.0,Female,0
CUST_0231,45.0,20000.0,13.0,Male,1
CUST_0232,40.0,74600.0,,Male,0
CUST_0233,54.0,77400.0,16.0,Male,0
CUST_0234,49.0,20000.0,9.0,Female,0
CUST_0235,50.0,48800.0,9.0,Male,0
CUST_0236,18.0,48300.0,16.0,Female,0
CUST_0237,36.0,29700.0,6.0,Female,1
CUST_0238,19.0,41000.0,14.0,Male,0
CUST_0239,61.0,35000.0,8.0,Male,0
CUST_0240,43.0,86500.0,15.0,Female,0
CUST_0241,49.0,71800.0,13.0,Female,0
CUST_0242,23.0,77900.0,13.0,Male,0
CUST_0243,49.0,68000.0,6.0,Male,0
CUST_0244,21.0,34700.0,6.0,Male,0
CUST_0245,28.0,45600.0,13.0,Male,0
CUST_0246,,63800.0,10.0,Male,1
CUST_0247,55.0,33000.0,12.0,Female,0
CUST_0248,41.0,67800.0,11.0,Female,0
CUST_0249,22.0,50700.0,8.0,Female,0
CUST_0250,69.0,48300.0,11.0,Female,0
CUST_0251,51.0,67800.0,6.0,Male,0
CUST_0252,23.0,63000.0,5.0,Male,0
CUST_0253,39.0,48500.0,,Male,0
CUST_0254,28.0,75900.0,10.0,Female,0
CUST_0255,65.0,35500.0,11.0,Female,0
CUST_0256,33.0,66100.0,9.0,Male,1
CUST_0257,50.0,65700.0,10.0,Male,0
CUST_0258,26.0,49400.0,13.0,Female,0
CUST_0259,23.0,60900.0,12.0,Female,0
CUST_0260,33.0,32500.0,18.0,Male,0
CUST_0261,,71600.0,8.0,Male,0
CUST_0262,20.0,51700.0,8.0,Female,0
CUST_0263,37.0,45600.0,9.0,Male,1
CUST_0264,53.0,73900.0,14.0,Male,1
CUST_0265,36.0,42300.0,9.0,Male,0
CUST_0266,43.0,29600.0,12.0,Female,1
CUST_0267,20.0,27000.0,11.0,Female,0
CUST_0268,36.0,65900.0,13.0,Female,0
CUST_0269,37.0,32000.0,11.0,Female,0
CUST_0270,49.0,86600.0,11.0,Female,0
CUST_0271,24.0,20000.0,11.0,Female,1
CUST_0272,69.0,85500.0,11.0,Female,0
CUST_0273,58.0,58800.0,8.0,Male,0
CUST_0274,50.0,53300.0,10.0,Male,1
CUST_0275,57.0,45200.0,4.0,Male,0
CUST_0276,56.0,62200.0,13.0,Male,0
CUST_0277,35.0,54300.0,9.0,Male,0
CUST_0278,57.0,74900.0,8.0,Male,0
CUST_0279,18.0,57100.0,5.0,Male,1
CUST_0280,28.0,57700.0,11.0,Female,0
CUST_0281,45.0,48500.0,11.0,Female,0
CUST_0282,42.0,54000.0,11.0,Male,0
CUST_0283,67.0,60500.0,5.0,Male,0
CUST_0284,40.0,24200.0,14.0,Female,0
CUST_0285,48.0,30700.0,11.0,Male,1
CUST_0286,47.0,68400.0,7.0,Male,0
CUST_0287,59.0,58100.0,8.0,Female,1
CUST_0288,52.0,51700.0,8.0,Male,0
CUST_0289,24.0,55300.0,7.0,Female,0
CUST_0290,33.0,61300.0,7.0,Male,0
CUST_0291,43.0,45300.0,10.0,Female,0
CUST_0292,65.0,41000.0,6.0,Female,1
CUST_0293,69.0,58500.0,,Female,0
CUST_0294,66.0,37400.0,9.0,Male,1
CUST_0295,19.0,62300.0,13.0,Female,0
CUST_0296,18.0,24400.0,11.0,Male,1
CUST_0297,65.0,73500.0,17.0,Male,0
CUST_0298,29.0,63500.0,3.0,Male,1
CUST_0299,22.0,59600.0,8.0,Male,1
CUST_0300,54.0,72700.0,15.0,Female,0
CUST_0301,49.0,85000.0,8.0,Female,0
CUST_0302,26.0,73300.0,9.0,Male,0
CUST_0303,58.0,21900.0,4.0,Male,0
CUST_0304,52.0,32000.0,15.0,Female,0
CUST_0305,36.0,43800.0,10.0,Male,0
CUST_0306,65.0,55500.0,18.0,Female,0
CUST_0307,33.0,64300.0,16.0,Male,0
CUST_0308,20.0,41900.0,9.0,Male,0
CUST_0309,37.0,58400.0,7.0,Female,0
CUST_0310,41.0,41400.0,7.0,Male,1
CUST_0311,50.0,44000.0,11.0,Female,1
CUST_0312,41.0,29700.0,5.0,Male,1
CUST_0313,69.0,38400.0,7.0,Male,1
CUST_0314,28.0,30700.0,14.0,Male,0
CUST_0315,66.0,37400.0,10.0,Female,1
CUST_0316,25.0,74000.0,10.0,Male,0
CUST_0317,,37900.0,10.0,Male,0
CUST_0318,55.0,102400.0,10.0,Male,0
CUST_0319,,63900.0,11.0,Male,0
CUST_0320,37.0,58300.0,4.0,Female,0
CUST_0321,52.0,39500.0,13.0,Female,1
CUST_0322,65.0,67600.0,7.0,Male,1
CUST_0323,42.0,44600.0,6.0,Female,0
CUST_0324,52.0,57200.0,13.0,Male,0
CUST_0325,42.0,101100.0,7.0,Male,0
CUST_0326,46.0,53300.0,10.0,Male,0
CUST_0327,35.0,75700.0,10.0,Female,0
CUST_0328,63.0,42300.0,5.0,Female,0
CUST_0329,35.0,54400.0,13.0,Female,0
CUST_0330,19.0,86900.0,7.0,Female,0
CUST_0331,52.0,43700.0,8.0,Female,0
CUST_0332,33.0,87600.0,11.0,Female,0
CUST_0333,58.0,67700.0,13.0,Female,0
CUST_0334,53.0,44900.0,15.0,Female,1
CUST_0335,50.0,66400.0,6.0,Female,0
CUST_0336,21.0,72500.0,13.0,Male,0
CUST_0337,50.0,66200.0,6.0,Female,0
CUST_0338,31.0,26700.0,7.0,Female,1
CUST_0339,38.0,41900.0,11.0,Female,0
CUST_0340,65.0,50500.0,9.0,Female,0
CUST_0341,37.0,53700.0,5.0,Female,0
CUST_0342,25.0,66200.0,13.0,Female,0
CUST_0343,24.0,58200.0,19.0,Female,0
CUST_0344,20.0,31000.0,11.0,Female,0
CUST_0345,34.0,61800.0,14.0,Female,0
CUST_0346,50.0,66000.0,6.0,Female,0
CUST_0347,65.0,65100.0,11.0,Female,0
CUST_0348,,74500.0,7.0,Male,0
CUST_0349,68.0,70000.0,13.0,Male,0
CUST_0350,39.0,63300.0,12.0,Female,0
CUST_0351,39.0,53700.0,10.0,Female,0
CUST_0352,63.0,25100.0,10.0,Male,1
CUST_0353,47.0,62700.0,10.0,Female,0
CUST_0354,55.0,58700.0,8.0,Male,0
CUST_0355,55.0,59900.0,5.0,Male,0
CUST_0356,62.0,32000.0,6.0,Male,1
CUST_0357,68.0,35500.0,9.0,Male,0
CUST_0358,25.0,74000.0,11.0,Male,0
CUST_0359,44.0,54300.0,8.0,Female,0
CUST_0360,44.0,67300.0,11.0,Male,0
CUST_0361,51.0,55500.0,12.0,Female,0
CUST_0362,38.0,55500.0,12.0,Female,0
CUST_0363,47.0,71900.0,8.0,Male,0
CUST_0364,50.0,45700.0,12.0,Male,1
CUST_0365,45.0,56700.0,8.0,Female,1
CUST_0366,64.0,46700.0,13.0,Male,0
CUST_0367,50.0,47200.0,12.0,Male,0
CUST_0368,22.0,49400.0,5.0,Female,0
CUST_0369,,59000.0,10.0,Female,0
CUST_0370,36.0,46400.0,10.0,Male,0
CUST_0371,21.0,77600.0,21.0,Female,0
CUST_0372,52.0,38900.0,9.0,Male,1
CUST_0373,66.0,51600.0,8.0,Male,0
CUST_0374,34.0,47100.0,8.0,Male,0
CUST_0375,61.0,81000.0,12.0,Female,0
CUST_0376,45.0,58500.0,14.0,Female,0
CUST_0377,47.0,73600.0,14.0,Female,0
CUST_0378,46.0,28300.0,12.0,Female,1
CUST_0379,63.0,59800.0,5.0,Female,1
CUST_0380,23.0,71000.0,8.0,Male,0
CUST_0381,52.0,56500.0,8.0,Male,1
CUST_0382,58.0,74200.0,12.0,Male,0
CUST_0383,,45700.0,12.0,Male,0
CUST_0384,41.0,80400.0,15.0,Female,0
CUST_0385,46.0,96400.0,4.0,Male,0
CUST_0386,66.0,48500.0,13.0,Female,0
CUST_0387,63.0,47000.0,14.0,Male,0
CUST_0388,,81200.0,11.0,Female,0
CUST_0389,52.0,83400.0,14.0,Female,0
CUST_0390,50.0,45600.0,10.0,Male,0
CUST_0391,69.0,47400.0,8.0,Male,1
CUST_0392,38.0,49900.0,13.0,Male,0
CUST_0393,49.0,30800.0,15.0,Male,0
CUST_0394,40.0,38500.0,11.0,Female,0
CUST_0395,50.0,36900.0,11.0,Male,1
CUST_0396,20.0,41200.0,7.0,Male,0
CUST_0397,35.0,54400.0,5.0,Female,1
CUST_0398,42.0,59200.0,10.0,Male,0
CUST_0399,59.0,82900.0,17.0,Male,0
CUST_0400,48.0,37000.0,12.0,Male,0
CUST_0401,20.0,72700.0,11.0,Male,0
CUST_0402,57.0,51100.0,7.0,Male,1
CUST_0403,63.0,54100.0,10.0,Female,0
CUST_0404,41.0,67100.0,6.0,Male,0
CUST_0405,67.0,34800.0,10.0,Male,0
CUST_0406,49.0,61900.0,11.0,Male,0
CUST_0407,64.0,58000.0,7.0,Male,1
CUST_0408,39.0,63900.0,7.0,Male,0
CUST_0409,40.0,60200.0,5.0,Female,0
CUST_0410,19.0,99200.0,13.0,Male,0
CUST_0411,44.0,43500.0,10.0,Female,0
CUST_0412,59.0,45400.0,16.0,Female,0
CUST_0413,19.0,43800.0,5.0,Male,1
CUST_0414,43.0,45000.0,,Male,1
CUST_0415,34.0,43500.0,10.0,Male,1
CUST_0416,57.0,76400.0,10.0,Male,0
CUST_0417,50.0,80600.0,8.0,Female,0
CUST_0418,26.0,44700.0,9.0,Male,0
CUST_0419,60.0,40000.0,15.0,Male,0
CUST_0420,65.0,63500.0,11.0,Male,0
CUST_0421,56.0,45100.0,13.0,Male,1
CUST_0422,46.0,66400.0,11.0,Male,0
CUST_0423,59.0,58700.0,7.0,Male,0
CUST_0424,43.0,27700.0,11.0,Female,0
CUST_0425,52.0,82900.0,5.0,Female,0
CUST_0426,67.0,87300.0,10.0,Male,0
CUST_0427,,44000.0,6.0,Male,1
CUST_0428,41.0,48000.0,13.0,Male,0
CUST_0429,,60100.0,4.0,Female,1
CUST_0430,24.0,61000.0,16.0,Male,1
CUST_0431,53.0,66900.0,12.0,Female,0
CUST_0432,62.0,91200.0,11.0,Male,0
CUST_0433,37.0,51800.0,12.0,Male,0
CUST_0434,18.0,40600.0,15.0,Male,0
CUST_0435,25.0,30200.0,10.0,Male,0
CUST_0436,63.0,41800.0,8.0,Female,0
CUST_0437,33.0,54400.0,11.0,Female,0
CUST_0438,31.0,87300.0,6.0,Male,1
CUST_0439,29.0,45700.0,8.0,Male,1
CUST_0440,68.0,59000.0,11.0,Female,0
CUST_0441,40.0,54700.0,12.0,Female,0
CUST_0442,32.0,76400.0,12.0,Female,0
CUST_0443,45.0,100500.0,8.0,Female,0
CUST_0444,51.0,45400.0,9.0,Male,1
CUST_0445,19.0,46200.0,15.0,Female,0
CUST_0446,49.0,73800.0,8.0,Male,0
CUST_0447,40.0,67300.0,9.0,Female,1
CUST_0448,39.0,88200.0,12.0,Female,0
CUST_0449,68.0,65500.0,9.0,Female,1
CUST_0450,42.0,48500.0,9.0,Female,0
CUST_0451,39.0,65600.0,15.0,Female,0
CUST_0452,39.0,75000.0,6.0,Male,1
CUST_0453,66.0,69800.0,11.0,Male,0
CUST_0454,69.0,64100.0,8.0,Female,0
CUST_0455,59.0,74200.0,9.0,Female,0
CUST_0456,23.0,76000.0,12.0,Male,0
CUST_0457,32.0,79900.0,9.0,Female,0
CUST_0458,60.0,66700.0,12.0,Female,0
CUST_0459,54.0,52000.0,10.0,Male,0
CUST_0460,50.0,57600.0,9.0,Female,0
CUST_0461,25.0,76700.0,6.0,Female,0
CUST_0462,61.0,40300.0,13.0,Male,0
CUST_0463,61.0,61600.0,8.0,Male,0
CUST_0464,22.0,47900.0,8.0,Male,1
CUST_0465,56.0,55500.0,11.0,Female,1
CUST_0466,21.0,78000.0,18.0,Male,0
CUST_0467,23.0,58400.0,9.0,Male,0
CUST_0468,62.0,55800.0,10.0,Male,0
CUST_0469,49.0,30500.0,10.0,Male,1
CUST_0470,69.0,68400.0,9.0,Male,0
CUST_0471,47.0,66600.0,7.0,Male,1
CUST_0472,64.0,93900.0,10.0,Female,0
CUST_0473,52.0,49500.0,11.0,Female,0
CUST_0474,57.0,58900.0,9.0,Male,0
CUST_0475,69.0,59500.0,10.0,Male,0
CUST_0476,33.0,83400.0,11.0,Male,0
CUST_0477,30.0,53300.0,11.0,Female,0
CUST_0478,67.0,60000.0,9.0,Female,0
CUST_0479,59.0,65900.0,10.0,Female,0
CUST_0480,47.0,58400.0,15.0,Female,0
CUST_0481,36.0,47000.0,10.0,Female,0
CUST_0482,34.0,58500.0,6.0,Female,0
CUST_0483,36.0,74300.0,6.0,Female,0
CUST_0484,45.0,36500.0,8.0,Female,1
CUST_0485,43.0,57400.0,16.0,Female,0
CUST_0486,54.0,42400.0,10.0,Male,1
CUST_0487,43.0,76500.0,11.0,Male,0
CUST_0488,40.0,27600.0,8.0,Male,0
CUST_0489,26.0,44900.0,13.0,Male,0
CUST_0490,29.0,61800.0,10.0,Female,0
CUST_0491,18.0,83200.0,13.0,Female,0
CUST_0492,18.0,53800.0,7.0,Male,0
CUST_0493,64.0,45000.0,14.0,Female,1
CUST_0494,51.0,88900.0,9.0,Male,0
CUST_0495,49.0,28900.0,12.0,Female,1
CUST_0496,65.0,20000.0,12.0,Male,0
CUST_0497,42.0,62900.0,8.0,Female,0
CUST_0498,57.0,46000.0,13.0,Female,0
CUST_0499,62.0,36600.0,8.0,Male,1
CUST_0500,18.0,67800.0,12.0,Female,0
